"delta","qrpEnv","censor","tau","3PSM_10","3PSM_60","4PSM_10","4PSM_60","pcurve_10","pcurve_60","PEESE_10","PEESE_60","PET_10","PET_60","PETPEESE_10","PETPEESE_60","puniform_10","puniform_60","reMA_10","reMA_60","TF_10","TF_60","WAAP-WLS_10","WAAP-WLS_60"
0,"none","none",0,0.942483660130719,0.948660714285714,0.910750507099391,0.924050632911392,NA,NA,0.95,0.939,0.949,0.933,0.951,0.943,0.938775510204082,0.973262032085562,0.967,0.954,0.957788944723618,0.940876656472987,0.956,0.946
0.5,"none","none",0,0.925252525252525,0.940376569037657,0.843434343434343,0.954022988505747,NA,NA,0.948,0.947,0.944,0.95,0.947,0.947,0.957247132429614,0.952,0.966,0.957,0.959555106167846,0.936991869918699,0.94,0.958
0,"none","none",0.2,0.894553881807648,0.934804413239719,0.827760891590679,0.900702106318957,NA,NA,0.843,0.755,0.851,0.749,0.848,0.752,0.76566757493188,0.7175,0.913,0.937,0.882946518668012,0.888665997993982,0.878,0.808
0.5,"none","none",0.2,0.85383064516129,0.941,0.753272910372608,0.948,NA,NA,0.859,0.768,0.866,0.744,0.86,0.768,0.895169578622816,0.778,0.905,0.944,0.88169868554095,0.872855701311806,0.915,0.916
0,"none","high",0,0.678427419354839,0.13778256189451,0.587285570131181,0.394793926247288,NA,NA,0.665,0.027,0.957,0.945,0.943,0.934,0.941060903732809,0.932405566600398,0.026,0,0.191794871794872,0,0.105,0.484
0.5,"none","high",0,0.897253306205493,0.969331872946331,0.794506612410987,0.902625820568928,NA,NA,0.879,0.697,0.713,0.112,0.814,0.697,0.963927855711423,0.951,0.812,0.198,0.916494845360825,0.900112233445567,0.908,0.902
0,"none","high",0.2,0.501014198782961,0.522658610271903,0.308316430020284,0.797392176529589,NA,NA,0.303,0.052,0.764,0.489,0.691,0.43,0.642857142857143,0.066,0.055,0,0.201030927835052,0.00101729399796541,0.408,0.354
0.5,"none","high",0.2,0.760364004044489,0.896,0.558139534883721,0.58,NA,NA,0.8,0.693,0.725,0.456,0.72,0.693,0.874874874874875,0.626,0.517,0.003,0.745077720207254,0.628158844765343,0.831,0.643
